Workbook

Sheet Matriculas
A1: Año | B1: Ene | C1: Feb | D1: Mar | E1: Abr | F1: May | G1: Jun | H1: Jul | I1: Ago | J1: Sep | K1: Oct | L1: Nov | M1: Dic | N1: Cálculos | T1: Total | U1: Anual | V1: Real
A2: 2022 | B2: LWD | C2: LWP | D2: LXC | E2: LXR | F2: LYH | G2: LYZ | H2: LZN | I2: LZY | J2: MBX | N2: =LEFT(M2,1) | O2: =RIGHT(LEFT(M2,2),1) | P2: =RIGHT(M2,1) | Q2: =VLOOKUP(N2,Lletras!$A:$B,2)-1 -> #N/A | R2: =VLOOKUP(O2,Lletras!$A:$B,2)-1 -> #N/A | S2: =VLOOKUP(P2,Lletras!$A:$B,2)-1 -> #N/A | T2: =(S2*20^0+R2*20^1+Q2*20^2)*10000 -> #N/A | U2: =T2-T3 -> #N/A
A3: 2021 | B3: LMK | C3: LMX | D3: LNM | E3: LPD | F3: LPW | G3: LRN | H3: LSF | I3: LSP | J3: LTD | K3: LTR | L3: LVF | M3: LVV | N3: =LEFT(M3,1) -> L | O3: =RIGHT(LEFT(M3,2),1) -> V | P3: =RIGHT(M3,1) -> V | Q3: =VLOOKUP(N3,Lletras!$A:$B,2)-1 -> 8 | R3: =VLOOKUP(O3,Lletras!$A:$B,2)-1 -> 15 | S3: =VLOOKUP(P3,Lletras!$A:$B,2)-1 -> 15 | T3: =(S3*20^0+R3*20^1+Q3*20^2)*10000 -> 35150000 | U3: =T3-T4 -> 1340000
A4: 2020 | B4: LFH | C4: LFY | D4: LGG | E4: LGH | F4: LGP | G4: LHG | H4: LJD | I4: LJR | J4: LKT | K4: LKV | L4: LLJ | M4: LMC | N4: =LEFT(M4,1) -> L | O4: =RIGHT(LEFT(M4,2),1) -> M | P4: =RIGHT(M4,1) -> C | Q4: =VLOOKUP(N4,Lletras!$A:$B,2)-1 -> 8 | R4: =VLOOKUP(O4,Lletras!$A:$B,2)-1 -> 9 | S4: =VLOOKUP(P4,Lletras!$A:$B,2)-1 -> 1 | T4: =(S4*20^0+R4*20^1+Q4*20^2)*10000 -> 33810000 | U4: =T4-T5 -> 1290000 | V4: 1283546
A5: 2019 | B5: KTH | C5: KTZ | D5: KVX | E5: KWS | F5: KXR | G5: KYN | H5: KZK | I5: KZZ | J5: LBN | K5: LCG | L5: LCY | M5: LDR | N5: =LEFT(M5,1) -> L | O5: =RIGHT(LEFT(M5,2),1) -> D | P5: =RIGHT(M5,1) -> R | Q5: =VLOOKUP(N5,Lletras!$A:$B,2)-1 -> 8 | R5: =VLOOKUP(O5,Lletras!$A:$B,2)-1 -> 2 | S5: =VLOOKUP(P5,Lletras!$A:$B,2)-1 -> 12 | T5: =(S5*20^0+R5*20^1+Q5*20^2)*10000 -> 32520000 | U5: =T5-T6 -> 1790000 | V5: 1793145
A6: 2018 | B6: KHF | C6: KHX | D6: KJV | E6: KKN | F6: KLM | G6: KML | H6: KNK | I6: KPD | J6: KPR | K6: KRJ | L6: KRX | M6: KSS | N6: =LEFT(M6,1) -> K | O6: =RIGHT(LEFT(M6,2),1) -> S | P6: =RIGHT(M6,1) -> S | Q6: =VLOOKUP(N6,Lletras!$A:$B,2)-1 -> 7 | R6: =VLOOKUP(O6,Lletras!$A:$B,2)-1 -> 13 | S6: =VLOOKUP(P6,Lletras!$A:$B,2)-1 -> 13 | T6: =(S6*20^0+R6*20^1+Q6*20^2)*10000 -> 30730000 | U6: =T6-T7 -> 1830000 | V6: 1831556
A7: 2017 | B7: JWN | C7: JXF | D7: JYB | E7: JYT | F7: JZP | G7: KBM | H7: KCH | I7: KCV | J7: KDK | K7: KFB | L7: KFV | M7: KGN | N7: =LEFT(M7,1) -> K | O7: =RIGHT(LEFT(M7,2),1) -> G | P7: =RIGHT(M7,1) -> N | Q7: =VLOOKUP(N7,Lletras!$A:$B,2)-1 -> 7 | R7: =VLOOKUP(O7,Lletras!$A:$B,2)-1 -> 4 | S7: =VLOOKUP(P7,Lletras!$A:$B,2)-1 -> 10 | T7: =(S7*20^0+R7*20^1+Q7*20^2)*10000 -> 28900000 | U7: =T7-T8 -> 1710000 | V7: 1704145
A8: 2016 | B8: JLN | C8: JMF | D8: JMY | E8: JNR | F8: JPK | G8: JRG | H8: JRZ | I8: JSL | J8: JTB | K8: JTR | L8: JVH | M8: JVZ | N8: =LEFT(M8,1) -> J | O8: =RIGHT(LEFT(M8,2),1) -> V | P8: =RIGHT(M8,1) -> Z | Q8: =VLOOKUP(N8,Lletras!$A:$B,2)-1 -> 6 | R8: =VLOOKUP(O8,Lletras!$A:$B,2)-1 -> 15 | S8: =VLOOKUP(P8,Lletras!$A:$B,2)-1 -> 19 | T8: =(S8*20^0+R8*20^1+Q8*20^2)*10000 -> 27190000 | U8: =T8-T9 -> 1600000 | V8: 1589876
A9: 2015 | B9: JCK | C9: JCY | D9: JDR | E9: JFG | F9: JFW | G9: JGP | H9: JHJ | I9: JHT | J9: JJH | K9: JJW | L9: JKK | M9: JKZ | N9: =LEFT(M9,1) -> J | O9: =RIGHT(LEFT(M9,2),1) -> K | P9: =RIGHT(M9,1) -> Z | Q9: =VLOOKUP(N9,Lletras!$A:$B,2)-1 -> 6 | R9: =VLOOKUP(O9,Lletras!$A:$B,2)-1 -> 7 | S9: =VLOOKUP(P9,Lletras!$A:$B,2)-1 -> 19 | T9: =(S9*20^0+R9*20^1+Q9*20^2)*10000 -> 25590000 | U9: =T9-T10 -> 1410000 | V9: 1417173
A10: 2014 | B10: HVN | C10: HVZ | D10: HWM | E10: HXB | F10: HXN | G10: HYD | H10: HYT | I10: HZB | J10: HZL | K10: HZZ | L10: JBL | M10: JBY | N10: =LEFT(M10,1) -> J | O10: =RIGHT(LEFT(M10,2),1) -> B | P10: =RIGHT(M10,1) -> Y | Q10: =VLOOKUP(N10,Lletras!$A:$B,2)-1 -> 6 | R10: =VLOOKUP(O10,Lletras!$A:$B,2)-1 -> 0 | S10: =VLOOKUP(P10,Lletras!$A:$B,2)-1 -> 18 | T10: =(S10*20^0+R10*20^1+Q10*20^2)*10000 -> 24180000 | U10: =T10-T11 -> 1150000 | V10: 1146125
A11: 2013 | B11: HNT | C11: HPC | D11: HPN | E11: HPY | F11: HRK | G11: HRX | H11: HSK | I11: HSR | J11: HSZ | K11: HTK | L11: HTV | M11: HVF | N11: =LEFT(M11,1) -> H | O11: =RIGHT(LEFT(M11,2),1) -> V | P11: =RIGHT(M11,1) -> F | Q11: =VLOOKUP(N11,Lletras!$A:$B,2)-1 -> 5 | R11: =VLOOKUP(O11,Lletras!$A:$B,2)-1 -> 15 | S11: =VLOOKUP(P11,Lletras!$A:$B,2)-1 -> 3 | T11: =(S11*20^0+R11*20^1+Q11*20^2)*10000 -> 23030000 | U11: =T11-T12 -> 960000 | V11: 949015
A12: 2012 | B12: HJC | C12: HJM | D12: HKB | E12: HKL | F12: HKX | G12: HLK | H12: HLW | I12: HMD | J12: HML | K12: HMT | L12: HNC | M12: HNK | N12: =LEFT(M12,1) -> H | O12: =RIGHT(LEFT(M12,2),1) -> N | P12: =RIGHT(M12,1) -> K | Q12: =VLOOKUP(N12,Lletras!$A:$B,2)-1 -> 5 | R12: =VLOOKUP(O12,Lletras!$A:$B,2)-1 -> 10 | S12: =VLOOKUP(P12,Lletras!$A:$B,2)-1 -> 7 | T12: =(S12*20^0+R12*20^1+Q12*20^2)*10000 -> 22070000 | U12: =T12-T13 -> 930000 | V12: 924310
A13: 2011 | B13: HBP | C13: HCB | D13: HCR | E13: HDC | F13: HDR | G13: HFF | H13: HFT | I13: HGC | J13: HGM | K13: HGX | L13: HHH | M13: HHT | N13: =LEFT(M13,1) -> H | O13: =RIGHT(LEFT(M13,2),1) -> H | P13: =RIGHT(M13,1) -> T | Q13: =VLOOKUP(N13,Lletras!$A:$B,2)-1 -> 5 | R13: =VLOOKUP(O13,Lletras!$A:$B,2)-1 -> 5 | S13: =VLOOKUP(P13,Lletras!$A:$B,2)-1 -> 14 | T13: =(S13*20^0+R13*20^1+Q13*20^2)*10000 -> 21140000 | U13: =T13-T14 -> 1100000 | V13: 1091511
A14: 2010 | B14: GTC | C14: GTS | D14: GVM | E14: GWC | F14: GWV | G14: GXP | H14: GYD | I14: GYM | J14: GYX | K14: GZJ | L14: GZT | M14: HBG | N14: =LEFT(M14,1) -> H | O14: =RIGHT(LEFT(M14,2),1) -> B | P14: =RIGHT(M14,1) -> G | Q14: =VLOOKUP(N14,Lletras!$A:$B,2)-1 -> 5 | R14: =VLOOKUP(O14,Lletras!$A:$B,2)-1 -> 0 | S14: =VLOOKUP(P14,Lletras!$A:$B,2)-1 -> 4 | T14: =(S14*20^0+R14*20^1+Q14*20^2)*10000 -> 20040000 | U14: =T14-T15 -> 1320000 | V14: 1298809
A15: 2009 | B15: GKS | C15: GLC | D15: GLP | E15: GMC | F15: GMN | G15: GNF | H15: GNY | I15: GPJ | J15: GPW | K15: GRM | L15: GSC | M15: GSR | N15: =LEFT(M15,1) -> G | O15: =RIGHT(LEFT(M15,2),1) -> S | P15: =RIGHT(M15,1) -> R | Q15: =VLOOKUP(N15,Lletras!$A:$B,2)-1 -> 4 | R15: =VLOOKUP(O15,Lletras!$A:$B,2)-1 -> 13 | S15: =VLOOKUP(P15,Lletras!$A:$B,2)-1 -> 12 | T15: =(S15*20^0+R15*20^1+Q15*20^2)*10000 -> 18720000 | U15: =T15-T16 -> 1270000 | V15: 1258781
... A23: 2001 | B23: BFJ | C23: BGF | D23: BHG | E23: BJC | F23: BKB | G23: BLC | H23: BMF | I23: BMW | J23: BNL | K23: BPG | L23: BRB | M23: BRT | N23: =LEFT(M23,1) -> B | O23: =RIGHT(LEFT(M23,2),1) -> R | P23: =RIGHT(M23,1) -> T | Q23: =VLOOKUP(N23,Lletras!$A:$B,2)-1 -> 0 | R23: =VLOOKUP(O23,Lletras!$A:$B,2)-1 -> 12 | S23: =VLOOKUP(P23,Lletras!$A:$B,2)-1 -> 14 | T23: =(S23*20^0+R23*20^1+Q23*20^2)*10000 -> 2540000 | U23: =T23-T24 -> 2020000 | V23: 1875909
A24: 2000 | J24: BBJ | K24: BCD | L24: BCY | M24: BDR | N24: =LEFT(M24,1) -> B | O24: =RIGHT(LEFT(M24,2),1) -> D | P24: =RIGHT(M24,1) -> R | Q24: =VLOOKUP(N24,Lletras!$A:$B,2)-1 -> 0 | R24: =VLOOKUP(O24,Lletras!$A:$B,2)-1 -> 2 | S24: =VLOOKUP(P24,Lletras!$A:$B,2)-1 -> 12 | T24: =(S24*20^0+R24*20^1+Q24*20^2)*10000 -> 520000 | U24: =T24 -> 520000 | V24: 1870262

Sheet Lletras
A1: Letra | B1: Ord. | C1: DGT
A2: A | C2: N
A3: B | B3: 1
A4: C | B4: 2
A5: D | B5: 3
A6: E | C6: N
A7: F | B7: 4
A8: G | B8: 5
A9: H | B9: 6
A10: I | C10: N
A11: J | B11: 7
A12: K | B12: 8
A13: L | B13: 9
A14: M | B14: 10
A15: N | B15: 11
A16: Ñ | C16: N
A17: O | C17: N
A18: P | B18: 12
A19: Q | C19: N
A20: R | B20: 13
A21: S | B21: 14
A22: T | B22: 15
A23: U | C23: N
A24: V | B24: 16
A25: W | B25: 17
A26: X | B26: 18
A27: Y | B27: 19
A28: Z | B28: 20

Sheet Vehículos
A1: España - Matriculaciones de vehículos nuevos
A2: Fecha | B2: Vehículos comerciales Año | C2: Vehículos pasajeros Año | D2: Total
A3: 32874 | C3: 1158691 | D3: =SUM(B3:C3) -> 1158691
A4: 32905 | C4: 1146731 | D4: =SUM(B4:C4) -> 1146731
A5: 32933 | C5: 1142093 | D5: =SUM(B5:C5) -> 1142093
A6: 32964 | C6: 1138435 | D6: =SUM(B6:C6) -> 1138435
A7: 32994 | C7: 1134542 | D7: =SUM(B7:C7) -> 1134542
A8: 33025 | C8: 1110681 | D8: =SUM(B8:C8) -> 1110681
A9: 33055 | C9: 1105577 | D9: =SUM(B9:C9) -> 1105577
A10: 33086 | C10: 1105506 | D10: =SUM(B10:C10) -> 1105506
A11: 33117 | C11: 1086930 | D11: =SUM(B11:C11) -> 1086930
A12: 33147 | C12: 1070432 | D12: =SUM(B12:C12) -> 1070432
A13: 33178 | C13: 1049885 | D13: =SUM(B13:C13) -> 1049885
A14: 33208 | C14: 1023013 | D14: =SUM(B14:C14) -> 1023013
... A86: 35400 | C86: 962905 | D86: =SUM(B86:C86) -> 962905
A87: 35431 | B87: 153698 | C87: 975364 | D87: =SUM(B87:C87) -> 1129062
A88: 35462 | B88: 155960 | C88: 975948 | D88: =SUM(B88:C88) -> 1131908
A89: 35490 | B89: 158214 | C89: 977756 | D89: =SUM(B89:C89) -> 1135970
A90: 35521 | B90: 162958 | C90: 993504 | D90: =SUM(B90:C90) -> 1156462
A91: 35551 | B91: 165788 | C91: 1001800 | D91: =SUM(B91:C91) -> 1167588
A92: 35582 | B92: 169952 | C92: 1016643 | D92: =SUM(B92:C92) -> 1186595
A93: 35612 | B93: 175017 | C93: 1033339 | D93: =SUM(B93:C93) -> 1208356
A94: 35643 | B94: 177529 | C94: 1041899 | D94: =SUM(B94:C94) -> 1219428
A95: 35674 | B95: 179017 | C95: 1046813 | D95: =SUM(B95:C95) -> 1225830
A96: 35704 | B96: 180993 | C96: 1056983 | D96: =SUM(B96:C96) -> 1237976
A97: 35735 | B97: 182314 | C97: 1064743 | D97: =SUM(B97:C97) -> 1247057
A98: 35765 | B98: 184864 | C98: 1074525 | D98: =SUM(B98:C98) -> 1259389
... A397: 44866 | B397: 143162 | C397: 825533 | D397: =SUM(B397:C397) -> 968695
